등록번호,고객명,회사명,연락처,이메일,초대/현장방문,체크인,체크인시간
1001,김철수,삼성전자,010-1234-5678,chulsoo@example.com,초대,true,2025. 7. 15. 오후 8:50:08
1002,이영희,LG전자,010-2345-6789,younghee@example.com,초대,true,2025. 7. 15. 오후 9:06:22
1003,박민수,현대자동차,010-3456-7890,minsoo@example.com,초대,true,2025. 7. 15. 오후 10:35:53
1004,최지현,SK텔레콤,010-4567-8901,jihyun@example.com,초대,false,
1005,정태호,네이버,010-5678-9012,taeho@example.com,초대,true,2025. 7. 15. 오후 11:14:34
1006,강미나,카카오,010-6789-0123,mina@example.com,초대,true,2025. 7. 15. 오후 9:00:21
1008,윤서연,배달의민족,010-8901-2345,seoyeon@example.com,초대,true,2025. 7. 18. 오전 2:25:38
1009,임동현,토스,010-9012-3456,donghyun@example.com,초대,false,
1010,한지민,당근마켓,010-0123-4567,jimin@example.com,현장방문,false,
